date,total_cases,new_cases,total_deaths,new_deaths,reproduction_rate,total_tests,new_tests,positive_rate,tests_per_case,total_vaccinations,new_vaccinations,stringency_index
25/02/2020,2,2,0,0,0,0,0,0,0,0,0,19.44
26/02/2020,2,0,0,0,0,0,0,0,0,0,0,19.44
27/02/2020,2,0,0,0,0,0,0,0,0,0,0,28.7
28/02/2020,4,2,0,0,0,0,0,0,0,0,0,28.7
29/02/2020,4,0,0,0,0,0,0,0,0,0,0,28.7
01/03/2020,4,0,0,0,0,0,0,0,0,0,0,28.7
02/03/2020,5,1,0,0,0,0,0,0,0,0,0,28.7
03/03/2020,5,0,0,0,0,0,0,0,0,0,0,28.7
04/03/2020,5,0,0,0,0,0,0,0,0,0,0,28.7
05/03/2020,6,1,0,0,0,0,0,0,0,0,0,28.7
06/03/2020,6,0,0,0,0,0,0,0,0,0,0,28.7
07/03/2020,6,0,0,0,0,0,0,0,0,0,0,28.7
08/03/2020,6,0,0,0,0,0,0,0,0,0,0,28.7
09/03/2020,16,10,0,0,0,0,0,0,0,0,0,28.7
10/03/2020,19,3,0,0,0,0,0,0,0,0,0,28.7
11/03/2020,20,1,0,0,0,471,0,0,0,0,0,28.7
12/03/2020,28,8,0,0,0,531,60,0,0,0,0,28.7
13/03/2020,31,3,0,0,0,609,78,0,0,0,0,52.78
14/03/2020,53,22,0,0,0,684,75,0,0,0,0,52.78
15/03/2020,136,83,0,0,0,833,149,0,0,0,0,52.78
16/03/2020,236,100,0,0,2.65,1125,292,0,0,0,0,52.78
17/03/2020,299,63,0,0,2.56,1141,16,0,0,0,0,52.78
18/03/2020,454,155,2,2,2.48,2163,1022,0.2562,3.9,0,0,52.78
19/03/2020,501,47,3,1,2.34,3410,1247,0.1644,6.1,0,0,52.78
20/03/2020,730,229,3,0,2.25,4001,591,0.2059,4.9,0,0,52.78
21/03/2020,776,46,5,2,2.07,5225,1224,0.1591,6.3,0,0,55.56
22/03/2020,875,99,6,1,1.94,5444,219,0.1602,6.2,0,0,55.56
23/03/2020,972,97,7,1,1.83,5857,413,0.1555,6.4,0,0,85.19
24/03/2020,1063,91,8,1,1.77,6123,266,0.1533,6.5,0,0,93.52
25/03/2020,1201,138,9,1,1.72,6449,326,0.1744,5.7,0,0,93.52
26/03/2020,1373,172,11,2,1.69,7835,1386,0.1971,5.1,0,0,96.3
27/03/2020,1495,122,12,1,1.64,13231,5396,0.0829,12.1,0,0,96.3
28/03/2020,1597,102,14,2,1.62,14336,1105,0.0901,11.1,0,0,96.3
29/03/2020,1717,120,21,7,1.61,14748,412,0.0905,11,0,0,96.3
30/03/2020,1938,221,26,5,1.62,15683,935,0.0983,10.2,0,0,96.3
31/03/2020,2118,180,27,1,1.63,15967,284,0.1072,9.3,0,0,96.3
01/04/2020,2421,303,34,7,1.63,17324,1357,0.1122,8.9,0,0,96.3
02/04/2020,2686,265,40,6,1.62,30308,12984,0.0584,17.1,0,0,96.3
03/04/2020,2818,132,41,1,1.59,32930,2622,0.0672,14.9,0,0,96.3
04/04/2020,3157,339,47,6,1.6,34885,1955,0.0759,13.2,0,0,96.3
05/04/2020,3766,609,53,6,1.58,35875,990,0.097,10.3,0,0,96.3
06/04/2020,4035,269,57,4,1.48,39183,3308,0.0892,11.2,0,0,96.3
07/04/2020,4263,228,61,4,1.41,42159,2976,0.0819,12.2,0,0,96.3
08/04/2020,4489,226,65,4,1.36,44896,2737,0.075,13.3,0,0,96.3
09/04/2020,4695,206,66,1,1.35,54706,9810,0.0824,12.1,0,0,96.3
10/04/2020,5011,316,86,20,1.35,57836,3130,0.0881,11.4,0,0,96.3
11/04/2020,5230,219,91,5,1.35,61801,3965,0.077,13,0,0,96.3
12/04/2020,5496,266,93,2,1.37,65114,3313,0.0592,16.9,0,0,96.3
13/04/2020,5837,341,96,3,1.39,69928,4814,0.0586,17.1,0,0,96.3
14/04/2020,6383,546,111,15,1.43,73439,3511,0.0678,14.8,0,0,96.3
15/04/2020,6919,536,128,17,1.44,78979,5540,0.0713,14,0,0,92.59
16/04/2020,7025,106,135,7,1.44,84704,5725,0.0777,12.9,0,0,92.59
17/04/2020,7638,613,143,8,1.48,92548,7844,0.0757,13.2,0,0,92.59
18/04/2020,8348,710,168,25,1.5,98522,5974,0.0849,11.8,0,0,92.59
19/04/2020,8418,70,176,8,1.5,104302,5780,0.0746,13.4,0,0,92.59
20/04/2020,9565,1147,201,25,1.54,,,0.0978,10.2,0,0,92.59
21/04/2020,10076,511,212,11,1.51,111806,,0.0963,10.4,0,0,92.59
22/04/2020,11155,1079,237,25,1.5,118020,6214,0.1085,9.2,0,0,92.59
23/04/2020,11940,785,253,16,1.47,124549,6529,0.1234,8.1,0,0,92.59
24/04/2020,12723,783,269,16,1.43,131365,6816,0.131,7.6,0,0,89.81
25/04/2020,13328,605,281,12,1.4,138147,6782,0.1257,8,0,0,89.81
26/04/2020,13915,587,292,11,1.39,144365,6218,0.1372,7.3,0,0,89.81
27/04/2020,14612,697,312,20,1.38,150756,6391,0.1182,8.5,0,0,89.81
28/04/2020,15525,913,343,31,1.4,157223,6467,0.12,8.3,0,0,89.81
29/04/2020,16817,1292,385,42,1.41,165911,8688,0.1182,8.5,0,0,89.81
30/04/2020,18114,1297,417,32,1.4,174160,8249,0.1245,8,0,0,89.81
01/05/2020,19103,989,440,23,1.38,182131,7971,0.1257,8,0,0,89.81
02/05/2020,20084,981,457,17,1.37,193859,11728,0.1213,8.2,0,0,89.81
03/05/2020,20941,857,476,19,1.36,203025,9166,0.1198,8.3,0,0,89.81
04/05/2020,22049,1108,514,38,1.37,212511,9486,0.1204,8.3,0,0,89.81
05/05/2020,24073,2024,564,50,1.38,222404,9893,0.1311,7.6,0,0,89.81
06/05/2020,24644,571,585,21,1.36,232582,10178,0.1174,8.5,0,0,89.81
07/05/2020,26435,1791,599,14,1.37,244778,12196,0.1178,8.5,0,0,89.81
08/05/2020,28736,2301,636,37,1.38,257247,12469,0.1282,7.8,0,0,89.81
09/05/2020,30334,1598,659,23,1.34,270025,12778,0.1346,7.4,0,0,89.81
10/05/2020,32081,1747,706,47,1.3,283517,13492,0.1384,7.2,0,0,89.81
11/05/2020,34336,2255,737,31,1.26,294894,11377,0.1491,6.7,0,0,89.81
12/05/2020,35298,962,761,24,1.21,305851,10957,0.1345,7.4,0,0,89.81
13/05/2020,35788,490,770,9,1.19,317699,11848,0.1309,7.6,0,0,89.81
14/05/2020,38799,3011,834,64,1.2,330750,13051,0.1438,7,0,0,89.81
15/05/2020,38799,0,834,0,1.17,344450,13700,0.1154,8.7,0,0,89.81
16/05/2020,40151,1352,873,39,1.19,359264,14814,0.11,9.1,0,0,78.7
17/05/2020,42125,1974,903,30,1.21,373410,14146,0.1117,9,0,0,85.19
18/05/2020,43966,1841,939,36,1.22,387335,13925,0.1042,9.6,0,0,85.19
19/05/2020,45898,1932,985,46,1.23,400292,12957,0.1122,8.9,0,0,85.19
20/05/2020,48091,2193,1017,32,1.24,414254,13962,0.1274,7.8,0,0,85.19
21/05/2020,50694,2603,1067,50,1.23,429600,15346,0.1203,8.3,0,0,82.41
22/05/2020,52437,1743,1101,34,1.22,445987,16387,0.1343,7.4,0,0,82.41
23/05/2020,54601,2164,1133,32,1.21,460692,14705,0.1425,7,0,0,82.41
24/05/2020,56349,1748,1167,34,1.2,473607,12915,0.142,7,0,0,82.41
25/05/2020,57705,1356,1197,30,1.2,483656,10049,0.1426,7,0,0,82.41
26/05/2020,59151,1446,1225,28,1.22,490908,7252,0.1463,6.8,0,0,82.41
27/05/2020,61227,2076,1260,35,1.26,499399,8491,0.1543,6.5,0,0,82.41
28/05/2020,64028,2801,1317,57,1.3,508086,8687,0.1699,5.9,0,0,82.41
29/05/2020,66457,2429,1395,78,1.34,520017,11931,0.1894,5.3,0,0,82.41
30/05/2020,69496,3039,1483,88,1.37,532037,12020,0.2088,4.8,0,0,82.41
31/05/2020,72460,2964,1543,60,1.39,547030,14993,0.2194,4.6,0,0,82.41
01/06/2020,76398,3938,1621,78,1.41,561136,14106,0.2413,4.1,0,0,82.41
02/06/2020,80463,4065,1688,67,1.42,577974,16838,0.2448,4.1,0,0,82.41
03/06/2020,85264,4801,1770,82,1.42,595344,17370,0.2505,4,0,0,82.41
04/06/2020,89249,3985,1838,68,1.4,615511,20167,0.2348,4.3,0,0,69.44
05/06/2020,93983,4734,1935,97,1.4,638323,22812,0.2327,4.3,0,0,69.44
06/06/2020,98943,4960,2002,67,1.37,660508,22185,0.2292,4.4,0,0,69.44
07/06/2020,103671,4728,2067,65,1.35,683608,23100,0.2285,4.4,0,0,61.11
08/06/2020,108317,4646,2172,105,1.33,705833,22225,0.2206,4.5,0,0,61.11
09/06/2020,113702,5385,2255,83,1.31,730453,24620,0.218,4.6,0,0,61.11
10/06/2020,119536,5834,2356,101,1.29,754252,23799,0.2157,4.6,0,0,61.11
11/06/2020,125933,6397,2463,107,1.27,780825,26573,0.2219,4.5,0,0,61.11
12/06/2020,125933,0,2463,0,1.24,809169,28344,0.187,5.3,0,0,61.11
13/06/2020,132405,6472,2551,88,1.26,839019,29850,0.1874,5.3,0,0,61.11
14/06/2020,144478,12073,2729,178,1.26,868565,29546,0.2206,4.5,0,0,61.11
15/06/2020,148921,4443,2839,110,1.2,897650,29085,0.2117,4.7,0,0,61.11
16/06/2020,154760,5839,2975,136,1.15,922665,25015,0.2136,4.7,0,0,61.11
17/06/2020,160118,5358,3093,118,1.1,950782,28117,0.2065,4.8,0,0,61.11
18/06/2020,165062,4944,3229,136,1.07,982012,31230,0.1945,5.1,0,0,61.11
19/06/2020,171666,6604,3382,153,1.04,1011106,29094,0.2265,4.4,0,0,61.11
20/06/2020,176617,4951,3501,119,0.99,1042787,31681,0.217,4.6,0,0,58.33
21/06/2020,181088,4471,3590,89,0.95,1071642,28855,0.1803,5.5,0,0,58.33
22/06/2020,185034,3946,3695,105,0.92,1102162,30520,0.1766,5.7,0,0,60.19
23/06/2020,188926,3892,3755,60,0.89,1126761,24599,0.1674,6,0,0,60.19
24/06/2020,192970,4044,3903,148,0.87,1150141,23380,0.1648,6.1,0,0,60.19
25/06/2020,195745,2775,3962,59,0.86,1171976,21835,0.1615,6.2,0,0,60.19
26/06/2020,198883,3138,4035,73,0.86,1193017,21041,0.1496,6.7,0,0,60.19
27/06/2020,202955,4072,4118,83,0.86,1214140,21123,0.1537,6.5,0,0,60.19
28/06/2020,206512,3557,4167,49,0.86,1239153,25013,0.1518,6.6,0,0,60.19
29/06/2020,209337,2825,4304,137,0.86,1262162,23009,0.1519,6.6,0,0,60.19
30/06/2020,213470,4133,4395,91,0.87,1283092,20930,0.157,6.4,0,0,60.19
01/07/2020,217809,4339,4473,78,0.87,1305510,22418,0.1599,6.3,0,0,60.19
02/07/2020,221896,4087,4551,78,0.86,1327638,22128,0.168,6,0,0,66.67
03/07/2020,221896,0,4551,0,0.85,1350773,23135,0.1459,6.9,0,0,66.67
04/07/2020,225283,3387,4619,68,0.87,1372825,22052,0.1407,7.1,0,0,66.67
05/07/2020,231818,6535,4762,143,0.89,1398352,25527,0.159,6.3,0,0,66.67
06/07/2020,234509,2691,4839,77,0.87,1420623,22271,0.1589,6.3,0,0,66.67
07/07/2020,237489,2980,4922,83,0.85,1445153,24530,0.1482,6.7,0,0,66.67
08/07/2020,240848,3359,4983,61,0.84,1467104,21951,0.1426,7,0,0,66.67
09/07/2020,243599,2751,5058,75,0.82,1491437,24333,0.1325,7.5,0,0,66.67
10/07/2020,246351,2752,5123,65,0.8,1514858,23421,0.149,6.7,0,0,66.67
11/07/2020,248872,2521,5197,74,0.79,1538427,23569,0.1424,7,0,0,66.67
12/07/2020,251625,2753,5266,69,0.77,1562638,24211,0.1206,8.3,0,0,66.67
13/07/2020,253604,1979,5320,54,0.76,1585170,22532,0.116,8.6,0,0,66.67
14/07/2020,255769,2165,5386,66,0.74,1606190,21020,0.1135,8.8,0,0,66.67
15/07/2020,257914,2145,5426,40,0.73,1627939,21749,0.1061,9.4,0,0,66.67
16/07/2020,257914,0,5426,0,0.72,1652183,24244,0.0891,11.2,0,0,66.67
17/07/2020,261917,4003,5522,96,0.74,1676090,23907,0.0965,10.4,0,0,66.67
18/07/2020,263496,1579,5568,46,0.72,1699101,23011,0.091,11,0,0,66.67
19/07/2020,265083,1587,5599,31,0.7,1721660,22559,0.0846,11.8,0,0,66.67
20/07/2020,266096,1013,5639,40,0.69,1740768,19108,0.0803,12.5,0,0,66.67
21/07/2020,267428,1332,5677,38,0.68,1758551,17783,0.0765,13.1,0,0,66.67
22/07/2020,269191,1763,5709,32,0.68,1776882,18331,0.0757,13.2,0,0,66.67
23/07/2020,270400,1209,5763,54,0.67,1799290,22408,0.0849,11.8,0,0,66.67
24/07/2020,271887,1487,5787,24,0.66,1821296,22006,0.0687,14.6,0,0,66.67
25/07/2020,273113,1226,5822,35,0.65,1844926,23630,0.0659,15.2,0,0,66.67
26/07/2020,273113,0,5822,0,0.63,1868180,23254,0.0548,18.2,0,0,66.67
27/07/2020,274289,1176,5842,20,0.65,1909846,41666,0.0485,20.6,0,0,66.67
28/07/2020,275225,936,5865,23,0.66,1931102,21256,0.0452,22.1,0,0,66.67
29/07/2020,276288,1063,5892,27,0.67,1952730,21628,0.0404,24.8,0,0,66.67
30/07/2020,277402,1114,5924,32,0.67,1973237,20507,0.0403,24.8,0,0,66.67
31/07/2020,278305,903,5951,27,0.67,,,0.0377,26.6,0,0,66.67
01/08/2020,278305,0,5951,0,0.67,2010170,,0.0314,31.8,0,0,66.67
02/08/2020,279699,1394,5976,25,0.69,2021196,11026,0.043,23.2,0,0,66.67
03/08/2020,280461,762,5999,23,0.69,2031955,10759,0.0505,19.8,0,0,66.67
04/08/2020,280461,0,5999,0,0.69,2043870,11915,0.0464,21.5,0,0,66.67
05/08/2020,281136,675,6014,15,0.71,,,0.0491,20.3,0,0,66.67
06/08/2020,281863,727,6035,21,0.74,2058872,,0.0521,19.2,0,0,66.67
07/08/2020,282645,782,6052,17,0.77,2079333,20461,0.0495,20.2,0,0,66.67
08/08/2020,283487,842,6068,16,0.79,2103699,24366,0.0554,18,0,0,66.67
09/08/2020,284121,634,6082,14,0.79,2127089,23390,0.0418,23.9,0,0,66.67
10/08/2020,284660,539,6097,15,0.81,2147584,20495,0.0363,27.5,0,0,47.69
11/08/2020,285191,531,6112,15,0.82,2165811,18227,0.0388,25.8,0,0,47.69
12/08/2020,285921,730,6129,17,0.84,2186442,20631,0.0354,28.2,0,0,47.69
13/08/2020,286674,753,6139,10,0.85,2205664,19222,0.0328,30.5,0,0,47.69
14/08/2020,287300,626,6153,14,0.86,2229409,23745,0.031,32.2,0,0,47.69
15/08/2020,288047,747,6162,9,0.88,2253131,23722,0.0305,32.8,0,0,47.69
16/08/2020,289215,1168,6175,13,0.87,2277153,24022,0.0339,29.5,0,0,47.69
17/08/2020,289215,0,6175,0,0.85,2299601,22448,0.03,33.4,0,0,47.69
18/08/2020,289832,617,6190,15,0.86,2317213,17612,0.0307,32.6,0,0,47.69
19/08/2020,290445,613,6201,11,0.85,2340072,22859,0.0294,34,0,0,47.69
20/08/2020,290958,513,6209,8,0.86,2363752,23680,0.0271,36.9,0,0,47.69
21/08/2020,291588,630,6219,10,0.86,2389365,25613,0.0268,37.3,0,0,47.69
22/08/2020,292174,586,6231,12,0.87,2414902,25537,0.0255,39.2,0,0,47.69
23/08/2020,293261,1087,6244,13,0.86,2439858,24956,0.0249,40.2,0,0,47.69
24/08/2020,293261,0,6244,0,0.83,2463513,23655,0.0247,40.5,0,0,47.69
25/08/2020,293711,450,6255,11,0.82,2487744,24231,0.0227,44,0,0,47.69
26/08/2020,294193,482,6267,12,0.82,2512337,24593,0.0218,46,0,0,47.69
27/08/2020,294638,445,6274,7,0.82,2535778,23441,0.0214,46.7,0,0,47.69
28/08/2020,295053,415,6283,9,0.82,2559261,23483,0.0204,49,0,0,47.69
29/08/2020,295372,319,6284,1,0.83,2581695,22434,0.0192,52.2,0,0,47.69
30/08/2020,295636,264,6288,4,0.84,2603129,21434,0.0145,68.7,0,0,47.69
31/08/2020,295849,213,6294,6,0.88,2621146,18017,0.0164,60.9,0,0,47.69
01/09/2020,296149,300,6298,4,0.92,2642068,20922,0.0158,63.3,0,0,47.69
02/09/2020,297014,865,6328,30,0.97,2662508,20440,0.0188,53.2,0,0,47.69
03/09/2020,297512,498,6335,7,0.97,2684252,21744,0.0194,51.7,0,0,47.69
04/09/2020,298025,513,6340,5,0.98,2707470,23218,0.0201,49.9,0,0,47.69
05/09/2020,298025,0,6340,0,0.98,2732325,24855,0.0176,56.8,0,0,47.69
06/09/2020,298903,878,6345,5,1.01,2757709,25384,0.0211,47.3,0,0,47.69
07/09/2020,299233,330,6350,5,1.01,2778689,20980,0.0215,46.6,0,0,47.69
08/09/2020,299659,426,6359,9,1.01,2802210,23521,0.0219,45.6,0,0,47.69
09/09/2020,300030,371,6365,6,1.02,2825040,22830,0.0186,53.9,0,0,47.69
10/09/2020,300371,341,6370,5,1.03,2850121,25081,0.0172,58,0,0,47.69
11/09/2020,300955,584,6373,3,1.07,2879655,29534,0.017,58.8,0,0,47.69
12/09/2020,301481,526,6379,6,1.09,2908379,28724,0.0196,50.9,0,0,47.69
13/09/2020,302020,539,6383,4,1.1,2939790,31411,0.0171,58.4,0,0,47.69
14/09/2020,302424,404,6389,6,1.12,2968613,28823,0.0168,59.5,0,0,47.69
15/09/2020,303089,665,6393,4,1.13,2995890,27277,0.0177,56.5,0,0,43.98
16/09/2020,303634,545,6399,6,1.14,3024987,29097,0.018,55.5,0,0,43.98
17/09/2020,304386,752,6408,9,1.15,3056795,31808,0.0194,51.5,0,0,41.2
18/09/2020,305031,645,6415,7,1.14,3090660,33865,0.0193,51.8,0,0,41.2
19/09/2020,305671,640,6416,1,1.14,3126380,35720,0.0192,52,0,0,41.2
20/09/2020,306304,633,6420,4,1.13,3160924,34544,0.0194,51.6,0,0,41.2
21/09/2020,306886,582,6424,4,1.12,3194317,33393,0.0198,50.6,0,0,41.2
22/09/2020,307418,532,6432,8,1.11,3230472,36155,0.0185,54.2,0,0,41.2
23/09/2020,308217,799,6437,5,1.11,3264216,33744,0.0192,52.2,0,0,41.2
24/09/2020,309015,798,6444,7,1.1,3306515,42299,0.0185,53.9,0,0,41.2
25/09/2020,309581,566,6451,7,1.08,3344019,37504,0.018,55.7,0,0,41.2
26/09/2020,310275,694,6457,6,1.07,3384186,40167,0.0179,56,0,0,41.2
27/09/2020,310841,566,6466,9,1.06,3420654,36468,0.0175,57.2,0,0,41.2
28/09/2020,311516,675,6474,8,1.05,3449541,28887,0.0181,55.1,0,0,41.2
29/09/2020,312263,747,6479,5,1.03,3482206,32665,0.0192,52,0,0,41.2
30/09/2020,312806,543,6484,5,1.01,3514237,32031,0.0184,54.5,0,0,39.35
01/10/2020,313431,625,6499,15,1,3548476,34239,0.0183,54.8,0,0,67.13
02/10/2020,313984,553,6507,8,1,3580173,31697,0.0186,53.6,0,0,67.13
03/10/2020,314616,632,6513,6,1,3615244,35071,0.0188,53.2,0,0,67.13
04/10/2020,314616,0,6513,0,1,3644762,29518,0.0168,59.4,0,0,67.13
05/10/2020,315727,1111,6523,10,1.04,3678534,33772,0.0184,54.4,0,0,67.13
06/10/2020,316351,624,6535,12,1.03,3702607,24073,0.0185,53.9,0,0,67.13
07/10/2020,316934,583,6544,9,1.02,3730221,27614,0.0191,52.3,0,0,67.13
08/10/2020,317595,661,6552,8,1.02,3761389,31168,0.0196,51.1,0,0,67.13
09/10/2020,318266,671,6558,6,1.02,3795287,33898,0.0199,50.2,0,0,67.13
10/10/2020,318932,666,6570,12,1.01,3828952,33665,0.0202,49.5,0,0,67.13
11/10/2020,319317,385,6580,10,1.01,3857845,28893,0.0221,45.3,0,0,67.13
12/10/2020,319848,531,6588,8,1.01,3884796,26951,0.02,50.1,0,0,67.13
13/10/2020,320463,615,6601,13,1.02,3914818,30022,0.0194,51.6,0,0,67.13
14/10/2020,321218,755,6614,13,1.03,3943734,28916,0.0201,49.8,0,0,67.13
15/10/2020,321877,659,6621,7,1.03,3975596,31862,0.02,50,0,0,67.13
16/10/2020,322452,575,6638,17,1.03,4009497,33901,0.0195,51.2,0,0,53.24
17/10/2020,323019,567,6654,16,1.04,4041962,32465,0.0192,52.1,0,0,53.24
18/10/2020,323452,433,6659,5,1.05,4074024,32062,0.0191,52.3,0,0,53.24
19/10/2020,324034,582,6673,14,1.08,4101115,27091,0.0194,51.7,0,0,53.24
20/10/2020,324744,710,6692,19,1.1,4122069,20954,0.0207,48.4,0,0,53.24
21/10/2020,325480,736,6702,10,1.12,4148739,26670,0.0208,48.1,0,0,53.24
22/10/2020,326216,736,6715,13,1.14,4177270,28531,0.0215,46.5,0,0,53.24
23/10/2020,327063,847,6727,12,1.16,4204320,27050,0.0237,42.3,0,0,53.24
24/10/2020,327895,832,6736,9,1.17,4235329,31009,0.0252,39.7,0,0,53.24
25/10/2020,328602,707,6739,3,1.18,4264053,28724,0.0271,36.9,0,0,53.24
26/10/2020,329375,773,6745,6,1.19,4290545,26492,0.0282,35.5,0,0,53.24
27/10/2020,330200,825,6759,14,1.2,4317678,27133,0.0279,35.9,0,0,53.24
28/10/2020,331108,908,6775,16,1.22,4347155,29477,0.0284,35.3,0,0,53.24
29/10/2020,332186,1078,6795,20,1.24,4376604,29449,0.03,33.4,0,0,53.24
30/10/2020,332993,807,6806,11,1.25,4409537,32933,0.0289,34.6,0,0,53.24
31/10/2020,333970,977,6823,17,1.27,4431225,21688,0.031,32.2,0,0,53.24
01/11/2020,335093,1123,6835,12,1.29,4458890,27665,0.0333,30,0,0,53.24
02/11/2020,336260,1167,6849,14,1.3,4486843,27953,0.0351,28.5,0,0,53.24
03/11/2020,337573,1313,6867,18,1.31,4514827,27984,0.0374,26.7,0,0,53.24
04/11/2020,338875,1302,6893,26,1.32,4541392,26565,0.04,25,0,0,53.24
05/11/2020,340251,1376,6923,30,1.32,4573768,32376,0.0409,24.4,0,0,53.24
06/11/2020,341753,1502,6943,20,1.33,4609513,35745,0.0438,22.8,0,0,53.24
07/11/2020,343189,1436,6968,25,1.34,4643913,34400,0.0433,23.1,0,0,53.24
08/11/2020,344839,1650,6977,9,1.34,4676263,32350,0.0448,22.3,0,0,53.24
09/11/2020,346476,1637,7000,23,1.34,4709603,33340,0.0459,21.8,0,0,47.69
10/11/2020,348184,1708,7021,21,1.34,4741507,31904,0.0468,21.4,0,0,47.69
11/11/2020,349992,1808,7055,34,1.34,4773496,31989,0.0479,20.9,0,0,47.69
12/11/2020,352296,2304,7092,37,1.34,4810182,36686,0.0509,19.6,0,0,47.69
13/11/2020,354461,2165,7109,17,1.34,4847105,36923,0.0535,18.7,0,0,47.69
14/11/2020,356904,2443,7141,32,1.33,4881640,34535,0.0577,17.3,0,0,47.69
15/11/2020,359032,2128,7160,19,1.32,4921050,39410,0.058,17.2,0,0,47.69
16/11/2020,361082,2050,7193,33,1.3,4950561,29511,0.0606,16.5,0,0,47.69
17/11/2020,363380,2298,7230,37,1.29,4979939,29378,0.0637,15.7,0,0,47.69
18/11/2020,365927,2547,7248,18,1.28,5018483,38544,0.065,15.4,0,0,47.69
19/11/2020,368665,2738,7561,313,1.27,5055382,36899,0.0668,15,0,0,47.69
20/11/2020,371508,2843,7603,42,1.26,5098291,42909,0.0679,14.7,0,0,58.8
21/11/2020,374173,2665,7662,59,1.25,5141403,43112,0.0665,15,0,0,58.8
22/11/2020,376929,2756,7696,34,1.24,5180026,38623,0.0691,14.5,0,0,58.8
23/11/2020,379883,2954,7744,48,1.23,5216955,36929,0.0706,14.2,0,0,58.8
24/11/2020,382892,3009,7803,59,1.21,5256120,39165,0.0707,14.2,0,0,58.8
25/11/2020,386198,3306,7843,40,1.19,5297703,41583,0.0726,13.8,0,0,58.8
26/11/2020,389311,3113,7897,54,1.17,5343702,45999,0.0716,14,0,0,64.35
27/11/2020,392356,3045,7942,45,1.15,5386916,43214,0.0722,13.8,0,0,64.35
28/11/2020,395185,2829,7985,43,1.13,5435139,48223,0.0715,14,0,0,64.35
29/11/2020,398024,2839,8025,40,1.12,5475508,40369,0.0714,14,0,0,64.35
30/11/2020,400482,2458,8091,66,1.11,5508810,33302,0.0706,14.2,0,0,64.35
01/12/2020,403311,2829,8166,75,1.1,5549779,40969,0.0695,14.4,0,0,64.35
02/12/2020,406810,3499,8205,39,1.1,5584976,35197,0.0718,13.9,0,0,64.35
03/12/2020,410072,3262,8260,55,1.09,5627539,42563,0.0731,13.7,0,0,64.35
04/12/2020,413191,3119,8303,43,1.08,5672166,44627,0.073,13.7,0,0,64.35
05/12/2020,416499,3308,8361,58,1.07,5713341,41175,0.0766,13.1,0,0,64.35
06/12/2020,420294,3795,8398,37,1.07,5754986,41645,0.0797,12.5,0,0,64.35
07/12/2020,423179,2885,8487,89,1.04,5794242,39256,0.0795,12.6,0,0,64.35
08/12/2020,426142,2963,8547,60,1.02,5827852,33610,0.0821,12.2,0,0,64.35
09/12/2020,429280,3138,8603,56,1,5865944,38092,0.08,12.5,0,0,64.35
10/12/2020,432327,3047,8653,50,0.99,5906146,40202,0.0799,12.5,0,0,64.35
11/12/2020,435056,2729,8724,71,0.97,5948742,42596,0.0791,12.6,0,0,64.35
12/12/2020,438425,3369,8796,72,0.97,5990168,41426,0.0792,12.6,0,0,64.35
13/12/2020,440787,2362,8832,36,0.95,6032390,42222,0.0739,13.5,0,0,64.35
14/12/2020,443246,2459,8905,73,0.94,6064220,31830,0.0743,13.5,0,0,64.35
15/12/2020,445977,2731,9010,105,0.93,,,0.0727,13.7,0,0,64.35
16/12/2020,448522,2545,9080,70,0.92,6136799,,0.071,14.1,0,0,64.35
17/12/2020,451494,2972,9164,84,0.92,6176889,40090,0.0708,14.1,0,0,64.35
18/12/2020,454673,3179,9250,86,0.91,6216060,39171,0.0734,13.6,0,0,64.35
19/12/2020,457288,2615,9330,80,0.9,6264135,48075,0.0689,14.5,0,0,64.35
20/12/2020,458968,1680,9392,62,0.88,6301341,37206,0.0676,14.8,0,0,64.35
21/12/2020,460672,1704,9474,82,0.88,6336113,34772,0.0641,15.6,0,0,64.35
22/12/2020,462814,2142,9557,83,0.88,6370707,34594,0.0623,16,0,0,64.35
23/12/2020,465070,2256,9668,111,0.88,6406281,35574,0.0614,16.3,0,0,64.35
24/12/2020,467222,2152,9753,85,0.88,6428240,21959,0.0626,16,0,0,64.35
25/12/2020,469482,2260,9816,63,0.89,6482889,54649,0.0555,18,0,0,64.35
26/12/2020,471335,1853,9874,58,0.9,6523842,40953,0.0541,18.5,0,0,64.35
27/12/2020,473309,1974,9929,55,0.91,6557112,33270,0.0561,17.8,0,0,64.35
28/12/2020,475085,1776,9992,63,0.93,6589317,32205,0.0569,17.6,0,0,64.35
29/12/2020,477240,2155,10047,55,0.94,6619983,30666,0.0579,17.3,0,0,64.35
30/12/2020,479715,2475,10105,58,0.95,6656373,36390,0.0586,17.1,0,0,64.35
31/12/2020,482178,2463,10176,71,0.96,6696068,39695,0.0558,17.9,0,0,64.35
01/01/2021,484362,2184,10258,82,0.97,6737107,41039,0.0585,17.1,0,0,64.35
02/01/2021,486634,2272,10311,53,0.97,6775307,38200,0.0608,16.4,0,0,64.35
03/01/2021,488529,1895,10350,39,0.98,6819699,44392,0.058,17.3,0,0,64.35
04/01/2021,490476,1947,10409,59,0.98,6849867,30168,0.0591,16.9,0,0,64.35
05/01/2021,492594,2118,10461,52,0.99,6884940,35073,0.0579,17.3,0,0,64.35
06/01/2021,495075,2481,10511,50,1,6923857,38917,0.0574,17.4,0,0,64.35
07/01/2021,497510,2435,10558,47,1,6964337,40480,0.0572,17.5,0,0,64.35
08/01/2021,499517,2007,10598,40,1.01,7002706,38369,0.0571,17.5,0,0,64.35
09/01/2021,502416,2899,10644,46,1.02,7043604,40898,0.0588,17,0,0,64.35
10/01/2021,504293,1877,10676,32,1.01,7088014,44410,0.0588,17,0,0,64.35
11/01/2021,506701,2408,10717,41,1.02,7122538,34524,0.0595,16.8,0,0,64.35
12/01/2021,508824,2123,10772,55,1.01,7162626,40088,0.0584,17.1,0,0,64.35
13/01/2021,511921,3097,10818,46,1,7202076,39450,0.0605,16.5,0,0,64.35
14/01/2021,514338,2417,10863,45,0.99,7243650,41574,0.0602,16.6,0,0,64.35
15/01/2021,516770,2432,10908,45,0.98,7284009,40359,0.0613,16.3,0,0,64.35
16/01/2021,519291,2521,10951,43,0.96,7326431,42422,0.0597,16.8,0,0,64.35
17/01/2021,521211,1920,10997,46,0.94,7367622,41191,0.0605,16.5,0,0,64.35
18/01/2021,523011,1800,11055,58,0.93,7405571,37949,0.0576,17.4,0,0,60.65
19/01/2021,524783,1772,11103,48,0.91,7442084,36513,0.0571,17.5,0,0,60.65
20/01/2021,527146,2363,11157,54,0.9,7481688,39604,0.0544,18.4,0,0,57.87
21/01/2021,528891,1745,11204,47,0.89,7525432,43744,0.0516,19.4,0,0,57.87
22/01/2021,530818,1927,11247,43,0.89,7561977,36545,0.0505,19.8,0,0,57.87
23/01/2021,532412,1594,11295,48,0.88,7602380,40403,0.0475,21,0,0,57.87
24/01/2021,534041,1629,11318,23,0.89,7642665,40285,0.0466,21.4,0,0,57.87
25/01/2021,535914,1873,11376,58,0.89,7680242,37577,0.047,21.3,0,0,57.87
26/01/2021,537477,1563,11450,74,0.88,7722829,42587,0.0452,22.1,0,0,57.87
27/01/2021,539387,1910,11514,64,0.88,7764114,41285,0.0433,23.1,0,0,57.87
28/01/2021,541031,1644,11560,46,0.88,7804935,40821,0.0434,23,0,0,57.87
29/01/2021,543214,2183,11623,63,0.88,7848316,43381,0.0433,23.1,0,0,57.87
30/01/2021,544813,1599,11657,34,0.87,7889741,41425,0.0432,23.2,0,0,57.87
31/01/2021,546428,1615,11683,26,0.86,7932196,42455,0.0428,23.4,0,0,57.87
01/02/2021,547648,1220,11746,63,0.86,7966981,34785,0.0409,24.4,0,0,50.46
02/02/2021,549032,1384,11802,56,0.84,8005794,38813,0.0408,24.5,0,0,50.46
03/02/2021,550540,1508,11833,31,0.84,8041254,35460,0.0402,24.8,,0,50.46
04/02/2021,551842,1302,11886,53,0.83,8085427,44173,0.0385,25.9,,0,50.46
05/02/2021,553128,1286,11914,28,0.83,8122447,37020,0.0362,27.7,,0,50.46
06/02/2021,554474,1346,11967,53,0.84,,,0.0362,27.6,,0,50.46
07/02/2021,555511,1037,12026,59,0.85,,,0.0351,28.5,,0,50.46
08/02/2021,556519,1008,12066,40,0.86,8224869,,0.0344,29.1,,0,50.46
09/02/2021,557591,1072,12128,62,0.86,,,0.0339,29.5,,0,50.46
10/02/2021,559093,1502,12185,57,0.88,,,0.0341,29.3,27228,0,50.46
11/02/2021,560363,1270,12218,33,0.89,8325543,,0.0355,28.2,,0,50.46
12/02/2021,561625,1262,12276,58,0.9,8360823,35280,0.0356,28.1,,0,50.46
13/02/2021,563029,1404,12307,31,0.91,,,0.0355,28.2,,0,50.46
14/02/2021,564077,1048,12333,26,0.91,8434098,,0.0352,28.4,,0,50.46
15/02/2021,564077,0,12333,0,0.92,8466117,32019,0.0313,31.9,,0,50.46
16/02/2021,565989,1912,12436,103,0.96,8498022,31905,0.0351,28.5,,0,50.46
17/02/2021,567261,1272,12488,52,0.97,8531218,33196,0.0341,29.3,52768,0,50.46
18/02/2021,568506,1245,12527,39,0.98,8567761,36543,0.0336,29.7,,0,50.46
19/02/2021,569846,1340,12563,36,0.99,8602515,34754,0.034,29.4,,0,50.46
20/02/2021,571174,1328,12601,38,1,8644847,42332,0.0329,30.4,,0,50.46
21/02/2021,572334,1160,12617,16,1.01,8686242,41395,0.0327,30.5,72882,0,50.46
22/02/2021,573384,1050,12658,41,1.02,8718555,32313,0.0369,27.1,,0,50.46
23/02/2021,574580,1196,12708,50,1.02,8752533,33978,0.0338,29.6,,0,50.46
24/02/2021,575941,1361,12772,64,1.04,8790986,38453,0.0334,29.9,,0,50.46
25/02/2021,577482,1541,12804,32,1.05,8831892,40906,0.034,29.4,,0,50.46
26/02/2021,578797,1315,12837,33,1.05,8873741,41849,0.033,30.3,,0,50.46
27/02/2021,579973,1176,12860,23,1.07,8912918,39177,0.0328,30.5,,0,50.46
28/02/2021,581365,1392,12896,36,1.09,8951838,38920,0.034,29.4,,0,50.46
01/03/2021,582528,1163,12938,42,1.1,8990176,38338,0.0337,29.7,,0,50.46
02/03/2021,583916,1388,13013,75,1.12,9022124,31948,0.0346,28.9,,0,50.46
03/03/2021,585435,1519,13076,63,1.13,9055069,32945,0.036,27.8,,0,50.46
04/03/2021,587014,1579,13128,52,1.15,9097413,42344,0.0359,27.9,,0,50.46
05/03/2021,588728,1714,13166,38,1.17,9135393,37980,0.038,26.3,,0,50.46
06/03/2021,590508,1780,13205,39,1.19,9173593,38200,0.0404,24.7,,0,50.46
07/03/2021,592100,1592,13227,22,1.21,9212480,38887,0.0412,24.3,,0,50.46
08/03/2021,593453,1353,13281,54,1.23,9246827,34347,0.0426,23.5,,0,50.46
09/03/2021,595239,1786,13324,43,1.25,,,0.0429,23.3,,0,50.46
10/03/2021,597497,2258,13377,53,1.27,,,0.0447,22.4,,0,50.46
11/03/2021,600198,2701,13430,53,1.29,,,0.0495,20.2,,0,50.46
12/03/2021,602536,2338,13476,46,1.3,9402639,,0.0517,19.4,,0,50.46
13/03/2021,605200,2664,13508,32,1.31,,,0.0541,18.5,,0,50.46
14/03/2021,607453,2253,13537,29,1.31,,,0.0558,17.9,350000,0,50.46
15/03/2021,609964,2511,13595,58,1.32,9529763,,0.0584,17.1,,0,50.46
16/03/2021,612315,2351,13656,61,1.32,,,0.0601,16.6,,0,50.46
17/03/2021,615810,3495,13717,61,1.33,,,0.0641,15.6,,0,50.46
18/03/2021,619259,3449,13757,40,1.33,,,0.0664,15.1,,0,50.46
19/03/2021,623135,3876,13799,42,1.33,9691087,,0.0714,14,,0,50.46
20/03/2021,626802,3667,13843,44,1.32,,,0.075,13.3,,0,50.46
21/03/2021,630471,3669,13863,20,1.31,,,0.0799,12.5,,0,50.46
22/03/2021,633741,3270,13935,72,1.29,9817491,,0.0826,12.1,,0,50.46
23/03/2021,637042,3301,13965,30,1.28,9857233,39742,0.0861,11.6,,0,56.02
24/03/2021,640988,3946,14028,63,1.27,,,0.0882,11.3,,0,56.02
25/03/2021,645356,4368,14091,63,1.26,9934373,,0.092,10.9,,0,56.02
26/03/2021,649824,4468,14158,67,1.25,9976791,42418,0.0934,10.7,,0,56.02
27/03/2021,654591,4767,14215,57,1.25,10021070,44279,0.0965,10.4,,0,56.02
28/03/2021,659116,4525,14256,41,1.23,10066726,45656,0.0983,10.2,,0,56.02
29/03/2021,663200,4084,14356,100,1.22,10107095,40369,0.1017,9.8,,0,56.02
30/03/2021,667957,4757,14434,78,1.2,10153364,46269,0.1044,9.6,,0,56.02
31/03/2021,672931,4974,14530,96,1.18,10197329,43965,0.1059,9.4,800000,0,56.02
01/04/2021,678165,5234,14613,83,1.16,10247374,50045,0.1048,9.5,,0,56.02
02/04/2021,682888,4723,14697,84,1.15,10297544,50170,0.1031,9.7,,0,56.02
03/04/2021,687908,5020,14778,81,1.13,10347730,50186,0.102,9.8,,0,56.02
04/04/2021,692231,4323,14821,43,1.12,10403335,55605,0.0984,10.2,,0,56.02
05/04/2021,696184,3953,14924,103,1.11,10446697,43362,0.0971,10.3,,0,56.02
06/04/2021,700188,4004,15026,102,1.1,10493362,46665,0.0948,10.5,936383,0,56.02
07/04/2021,705517,5329,15124,98,1.09,10535061,41699,0.0965,10.4,,0,56.02
08/04/2021,710829,5312,15229,105,1.09,10584877,49816,0.0968,10.3,1114000,0,56.02
09/04/2021,715968,5139,15329,100,1.08,10639825,54948,0.0966,10.3,,0,58.8
10/04/2021,721018,5050,15443,114,1.08,10688894,49069,0.097,10.3,,0,58.8
11/04/2021,725602,4584,15501,58,1.08,10734960,46066,0.1006,9.9,,0,58.8
12/04/2021,729920,4318,15619,118,1.07,10779474,44514,0.1014,9.9,,0,58.8
13/04/2021,734423,4503,15754,135,1.07,10829994,50520,0.1017,9.8,1300000,0,58.8
14/04/2021,739818,5395,15872,118,1.07,10878086,48092,0.1,10,,0,58.8
15/04/2021,745182,5364,15982,110,1.07,10942771,64685,0.096,10.4,,0,58.8
16/04/2021,750158,4976,16094,112,1.07,11007252,64481,0.0931,10.7,,0,58.8
17/04/2021,756285,6127,16243,149,1.08,,,0.0918,10.9,,0,58.8
18/04/2021,761437,5152,16316,73,1.07,,,0.0887,11.3,,0,58.8
19/04/2021,766882,5445,16453,137,1.07,11204529,,0.087,11.5,,0,78.24
20/04/2021,772381,5499,16600,147,1.06,11272531,68002,0.0858,11.7,,0,78.24
21/04/2021,778238,5857,16698,98,1.05,11319832,47301,0.087,11.5,,0,78.24
22/04/2021,784108,5870,16842,144,1.03,11377423,57591,0.0896,11.2,,0,78.24
23/04/2021,790016,5908,16999,157,1.02,11431241,53818,0.094,10.6,,0,78.24
24/04/2021,795627,5611,17117,118,1,11483643,52402,0.0958,10.4,,0,78.24
25/04/2021,800452,4825,17187,70,0.99,11538771,55128,0.0975,10.3,,0,78.24
26/04/2021,804939,4487,17329,142,0.98,11588932,50161,0.099,10.1,,0,78.24
27/04/2021,810231,5292,17530,201,0.96,11632913,43981,0.105,9.5,,0,78.24
28/04/2021,815711,5480,17680,150,0.94,11682014,49101,0.1035,9.7,2100000,0,78.24
29/04/2021,820823,5112,17811,131,0.92,11739027,57013,0.1015,9.8,,0,78.24
30/04/2021,825519,4696,17957,146,0.91,11788126,49099,0.0995,10.1,,0,78.24
01/05/2021,829933,4414,18070,113,0.89,11836866,48740,0.0971,10.3,,0,78.24
02/05/2021,834146,4213,18149,79,0.88,11882141,45275,0.0981,10.2,,0,78.24
03/05/2021,837523,3377,18310,161,0.87,11928095,45954,0.0961,10.4,,0,78.24
04/05/2021,837523,0,18310,0,0.86,11965682,37587,0.082,12.2,2967870,0,78.24
05/05/2021,841636,4113,18429,119,0.89,12010519,44837,0.0789,12.7,3150122,182252,78.24
06/05/2021,850131,8495,18677,248,0.92,12056986,46467,0.0922,10.8,3320304,170182,78.24
07/05/2021,854240,4109,18797,120,0.9,12101832,44846,0.0916,10.9,,,78.24
08/05/2021,858026,3786,18915,118,0.88,12149935,48103,0.0897,11.1,,,78.24
09/05/2021,861473,3447,18993,78,0.86,12190671,40736,0.0886,11.3,,,78.24
10/05/2021,864557,3084,19106,113,0.84,12228427,37756,0.09,11.1,,,78.24
11/05/2021,867438,2881,19210,104,0.83,12267310,38883,0.0992,10.1,3705244,,64.35
12/05/2021,870703,3265,19336,126,0.81,12310875,43565,0.0968,10.3,,,64.35
13/05/2021,873220,2517,19384,48,0.81,12349976,39101,0.0788,12.7,3836291,,64.35
14/05/2021,874751,1531,19467,83,0.81,12380676,30700,0.0736,13.6,,,64.35
15/05/2021,877130,2379,19543,76,0.83,12410924,30248,0.0732,13.7,,,64.35
16/05/2021,880362,3232,19617,74,0.86,12444042,33118,0.0746,13.4,,,64.35
17/05/2021,882928,2566,19752,135,0.89,12480767,36725,0.0728,13.7,,,64.35
18/05/2021,886184,3256,19856,104,0.91,12510568,29801,0.0771,13,,,64.35
19/05/2021,890391,4207,19987,131,0.92,12552339,41771,0.0815,12.3,,,64.35
20/05/2021,893461,3070,20089,102,0.91,12603469,51130,0.0798,12.5,4747033,,64.35
21/05/2021,897468,4007,20177,88,0.92,12654997,51528,0.0828,12.1,4956853,209820,64.35
22/05/2021,900552,3084,20251,74,0.9,12717235,62238,0.0765,13.1,,,64.35
23/05/2021,903599,3047,20308,57,0.89,12779296,62061,0.0693,14.4,,,64.35
24/05/2021,905852,2253,20400,92,0.87,12837818,58522,0.0642,15.6,5358808,,64.35
25/05/2021,908576,2724,20465,65,0.86,12884544,46726,0.0599,16.7,,,63.43
26/05/2021,911302,2726,20540,75,0.84,12943620,59076,0.0534,18.7,,,63.43
27/05/2021,913784,2482,20607,67,0.83,13006326,62706,0.0504,19.8,6130509,,63.43
28/05/2021,916239,2455,20680,73,0.82,13057951,51625,0.0466,21.5,,,63.43
29/05/2021,918936,2697,20736,56,0.81,13113393,55442,0.0464,21.5,,,63.43
30/05/2021,921053,2117,20779,43,0.8,13169358,55965,0.0447,22.3,,,63.43
31/05/2021,922824,1771,20850,71,0.79,13221581,52223,0.0442,22.6,,,63.43
01/06/2021,924667,1843,20930,80,0.78,13269214,47633,0.0418,23.9,7337187,,63.43
02/06/2021,926695,2028,21022,92,0.76,13316397,47183,0.0413,24.2,7648481,311294,63.43
03/06/2021,928588,1893,21105,83,0.75,13367920,51523,0.0409,24.4,7953574,305093,63.43
04/06/2021,930511,1923,21189,84,0.75,13420779,52859,0.0393,25.4,,,63.43
05/06/2021,932140,1629,21265,76,0.74,13471172,50393,0.0369,27.1,8263763,,63.43
06/06/2021,933630,1490,21323,58,0.73,13523599,52427,0.0355,28.2,,,63.43
07/06/2021,935013,1383,21376,53,0.73,13572884,49285,0.0347,28.8,,,63.43
08/06/2021,936131,1118,21453,77,0.72,13619766,46882,0.0327,30.6,,,68.98
09/06/2021,937434,1303,21529,76,0.71,13663666,43900,0.0309,32.3,9559910,,68.98
10/06/2021,938737,1303,21576,47,0.72,13705490,41824,0.0301,33.3,,,65.74
11/06/2021,939931,1194,21633,57,0.72,13745973,40483,0.029,34.5,,,65.74
12/06/2021,941170,1239,21689,56,0.73,13781668,35695,0.0291,34.4,10496228,,65.74
13/06/2021,942189,1019,21723,34,0.73,13818036,36368,0.0291,34.4,10696402,200174,65.74
14/06/2021,943027,838,21782,59,0.74,13857250,39214,0.0282,35.5,,,65.74
15/06/2021,944065,1038,21828,46,0.75,13892289,35039,0.0291,34.3,11085787,,56.48
16/06/2021,945184,1119,21874,46,0.76,13934493,42204,0.0286,34.9,11745889,660102,56.48
17/06/2021,946227,1043,21913,39,0.77,13971689,37196,0.0281,35.5,12065211,319322,56.48
18/06/2021,947218,991,21940,27,0.79,14026336,54647,0.026,38.5,12483801,418590,56.48
19/06/2021,947218,0,21940,0,0.8,14072605,46269,0.0208,48.1,12750760,266959,56.48
20/06/2021,949175,1957,22007,67,0.85,14113670,41065,0.0236,42.3,,,56.48
21/06/2021,949838,663,22034,27,0.86,14148424,34754,0.0234,42.8,12977740,,56.48
22/06/2021,950768,930,22073,39,0.88,14187441,39017,0.0227,44,,,56.48
23/06/2021,951865,1097,22108,35,0.89,14232960,45519,0.0224,44.7,13484364,,56.48
24/06/2021,952907,1042,22152,44,0.91,14279084,46124,0.0217,46,,,56.48
25/06/2021,953842,935,22188,36,0.92,14325008,45924,0.0222,45.1,,,56.48
26/06/2021,954743,901,22211,23,0.94,14371850,46842,0.0251,39.8,,,56.48
27/06/2021,955657,914,22231,20,0.96,14416394,44544,0.0214,46.7,,,56.48
28/06/2021,956392,735,22254,23,0.99,14460890,44496,0.021,47.7,,,56.48
29/06/2021,957371,979,22281,27,1.02,14502023,41133,0.021,47.6,,,56.48
30/06/2021,958408,1037,22321,40,1.06,14544085,42062,0.021,47.6,,,56.48
01/07/2021,959685,1277,22345,24,1.1,14590230,46145,0.0218,45.9,16356499,,63.89
02/07/2021,961085,1400,22379,34,1.13,14637171,46941,0.0232,43.1,,,63.89
03/07/2021,962313,1228,22408,29,1.15,14685198,48027,0.0242,41.4,16714717,,63.89
04/07/2021,963660,1347,22427,19,1.17,14733030,47832,0.0253,39.6,17390346,675629,63.89
05/07/2021,964490,830,22452,25,1.19,14778275,45245,0.0255,39.2,,,63.89
06/07/2021,966007,1517,22469,17,1.22,14815639,37364,0.0275,36.3,,,69.44
07/07/2021,967633,1626,22493,24,1.25,14861926,46287,0.029,34.5,18228235,,69.44
08/07/2021,969476,1843,22520,27,1.27,14911743,49817,0.0305,32.8,,,69.44
09/07/2021,971304,1828,22555,35,1.28,14960221,48478,0.0316,31.6,,,69.44
10/07/2021,973284,1980,22582,27,1.28,15008355,48134,0.0339,29.5,19067352,,69.44
11/07/2021,975092,1808,22597,15,1.29,15056787,48432,0.0353,28.3,19883900,816548,69.44
12/07/2021,976867,1775,22618,21,1.29,15103802,47015,0.038,26.3,,,69.44
13/07/2021,978847,1980,22642,24,1.3,15152403,48601,0.0381,26.2,20540263,,69.44
14/07/2021,981392,2545,22689,47,1.3,15199875,47472,0.0407,24.6,21076550,536287,69.44
15/07/2021,983719,2327,22720,31,1.3,15248785,48910,0.0423,23.7,21660650,584100,69.44
16/07/2021,986668,2949,22760,40,1.29,15286475,37690,0.0471,21.2,22222701,562051,69.44
17/07/2021,989275,2607,22781,21,1.27,15345158,58683,0.0475,21.1,22735993,513292,69.44
18/07/2021,991727,2452,22811,30,1.25,15393974,48816,0.0493,20.3,,,69.44
19/07/2021,993872,2145,22848,37,1.23,,,0.0507,19.7,,,69.44
20/07/2021,996451,2579,22888,40,1.22,15484282,,0.053,18.9,,,69.44
21/07/2021,998609,2158,22928,40,1.21,,,0.0542,18.5,24096587,,69.44
22/07/2021,1000034,1425,22939,11,1.21,,,0.0539,18.5,,,69.44
23/07/2021,1000034,0,22939,0,1.24,15584899,,0.0448,22.3,,,69.44
24/07/2021,1004694,4660,23016,77,1.32,,,0.0541,18.5,,,69.44
25/07/2021,1008446,3752,23048,32,1.36,,,0.0593,16.8,,,69.44
26/07/2021,1011708,3262,23087,39,1.37,,,0.0633,15.8,25248858,,69.44
27/07/2021,1015827,4119,23133,46,1.38,15766473,,0.0687,14.6,,,69.44
28/07/2021,1020324,4497,23209,76,1.37,,,0.0711,14.1,26248235,,69.44
29/07/2021,1024861,4537,23295,86,1.36,,,0.0756,13.2,27875999,1627764,69.44
30/07/2021,1029811,4950,23360,65,1.34,15936674,,0.0846,11.8,28743225,867226,69.44
31/07/2021,1034837,5026,23422,62,1.31,,,0.0833,12,29648055,904830,56.48
01/08/2021,1039695,4858,23462,40,1.28,,,0.084,11.9,30590183,942128,64.81
02/08/2021,1043277,3582,23529,67,1.25,,,0.0827,12.1,,,70.37
03/08/2021,1047999,4722,23575,46,1.22,16158330,,0.0821,12.2,33059676,,70.37
04/08/2021,1053660,5661,23635,60,1.2,,,0.0845,11.8,34204053,1144377,70.37
05/08/2021,1058405,4745,23702,67,1.17,,,0.0845,11.8,35306892,1102839,70.37
06/08/2021,1063125,4720,23797,95,1.14,16336171,,0.0834,12,36331025,1024133,70.37
07/08/2021,1067580,4455,23865,68,1.11,16393404,57233,0.0816,12.3,37424706,1093681,70.37
08/08/2021,1071620,4040,23918,53,1.09,16448406,55002,0.0796,12.6,,,70.37
09/08/2021,1075504,3884,24004,86,1.07,16501934,53528,0.0808,12.4,38722292,,70.37
10/08/2021,1080360,4856,24085,81,1.06,16551440,49506,0.0823,12.1,39712007,989715,70.37
11/08/2021,1085294,4934,24187,102,1.04,16616130,64690,0.0794,12.6,40664110,952103,70.37
12/08/2021,1089913,4619,24266,79,1.02,16675527,59397,0.079,12.7,41467713,803603,70.37
13/08/2021,1094699,4786,24339,73,1.01,16735031,59504,0.0792,12.6,42173424,705711,70.37
14/08/2021,1098410,3711,24406,67,0.98,16794167,59136,0.0769,13,,,70.37
15/08/2021,1102079,3669,24478,72,0.97,,,0.0766,13.1,42688545,,70.37
16/08/2021,1105300,3221,24573,95,0.96,,,0.0752,13.3,,,70.37
17/08/2021,1109274,3974,24639,66,0.96,16950196,,0.0725,13.8,44322217,,68.52
18/08/2021,1113647,4373,24713,74,0.95,17007656,57460,0.0724,13.8,44736977,414760,68.52
19/08/2021,1116886,3239,24783,70,0.95,17063290,55634,0.0696,14.4,,,68.52
20/08/2021,1119970,3084,24848,65,0.96,17115272,51982,0.0665,15,45540221,,68.52
21/08/2021,1123812,3842,24923,75,0.96,17169042,53770,0.0678,14.8,46456077,915856,68.52
22/08/2021,1127584,3772,25003,80,0.98,,,0.0677,14.8,,,68.52
23/08/2021,1131659,4075,25094,91,0.99,17276450,,0.0697,14.4,,,68.52
24/08/2021,1135858,4199,25220,126,0.99,,,0.0687,14.6,47802106,,68.52
25/08/2021,1140411,4553,25320,100,0.99,17397803,,0.0686,14.6,,,68.52
26/08/2021,1144341,3930,25415,95,0.99,17459249,61446,0.0693,14.4,50985184,,68.52
27/08/2021,1148572,4231,25535,120,0.99,17520285,61036,0.0706,14.2,,,68.52
28/08/2021,1152481,3909,25604,69,0.98,17585023,64738,0.0689,14.5,,,68.52
29/08/2021,1156281,3800,25670,66,0.98,17647941,62918,0.0675,14.8,53314628,,68.52
30/08/2021,1160119,3838,25788,118,0.98,17704220,56279,0.0665,15,,,68.52
31/08/2021,1163688,3569,25889,101,0.97,17756332,52112,0.0664,15.1,56768446,,68.52
01/09/2021,1167757,4069,25978,89,0.97,17809969,53637,0.0663,15.1,58156714,1388268,68.52
02/09/2021,1171578,3821,26035,57,0.96,17871620,61651,0.066,15.1,59384758,1228044,68.52
03/09/2021,1171578,0,26035,0,0.96,17931365,59745,0.056,17.9,,,68.52
04/09/2021,1179305,7727,26175,140,1,17995418,64053,0.0654,15.3,,,68.52
05/09/2021,1182918,3613,26232,57,0.98,18053326,57908,0.0657,15.2,61724580,,68.52
06/09/2021,1186234,3316,26330,98,0.97,18110457,57131,0.0643,15.6,63319214,1594634,68.52
07/09/2021,1190136,3902,26413,83,0.95,18162771,52314,0.0651,15.4,64554859,1235645,68.52
08/09/2021,1194198,4062,26497,84,0.94,,,0.0638,15.7,65505999,951140,68.52
09/09/2021,1197887,3689,26580,83,0.92,18286469,,0.0634,15.8,66456245,950246,68.52
10/09/2021,1201367,3480,26662,82,0.9,18347597,61128,0.0716,14,67342288,886043,68.52
11/09/2021,1204520,3153,26720,58,0.88,18410778,63181,0.0607,16.5,,,71.3
12/09/2021,1207508,2988,26787,67,0.87,18468570,57792,0.0592,16.9,68227337,,71.3
13/09/2021,1210082,2574,26865,78,0.85,18521728,53158,0.058,17.2,,,71.3
14/09/2021,1212809,2727,26938,73,0.84,18568658,46930,0.0559,17.9,70402987,,71.3
15/09/2021,1215821,3012,27004,66,0.83,,,0.0539,18.5,,,71.3
16/09/2021,1218749,2928,27072,68,0.83,18682730,,0.0526,19,71311567,,68.52
17/09/2021,1221261,2512,27135,63,0.82,18740356,57626,0.0507,19.7,72986511,1674944,68.52
18/09/2021,1223841,2580,27206,71,0.8,18797433,57077,0.05,20,,,58.8
19/09/2021,1226008,2167,27246,40,0.8,18852460,55027,0.0482,20.8,73831778,,58.8
20/09/2021,1227905,1897,27327,81,0.79,18903808,51348,0.0466,21.4,74837117,1005339,58.8
21/09/2021,1230238,2333,27374,47,0.79,18950039,46231,0.0457,21.9,,,58.8
22/09/2021,1232595,2357,27432,58,0.78,19001178,51139,0.0447,22.4,76141484,,58.8
23/09/2021,1234828,2233,27482,50,0.78,19049329,48151,0.0439,22.8,,,58.8
24/09/2021,1236888,2060,27524,42,0.77,19102117,52788,0.0432,23.1,,,58.8
25/09/2021,1238668,1780,27566,42,0.76,19147075,44958,0.0424,23.6,,,58.8
26/09/2021,1240425,1757,27597,31,0.76,19191787,44712,0.0425,23.5,,,50.46
27/09/2021,1241825,1400,27638,41,0.75,19240519,48732,0.0413,24.2,79533208,,50.46
28/09/2021,1243385,1560,27690,52,0.75,19284635,44116,0.0393,25.5,80508569,975361,50.46
29/09/2021,1245127,1742,27729,39,0.75,19333471,48836,0.0377,26.5,,,50.46
30/09/2021,1246538,1411,27785,56,0.75,19386106,52635,0.0348,28.8,82830350,,50.46
01/10/2021,1248202,1664,27831,46,0.75,,,0.0338,29.6,,,47.69
02/10/2021,1249858,1656,27866,35,0.75,19486951,,0.0329,30.4,,,47.69
03/10/2021,1251348,1490,27893,27,0.75,,,0.0315,31.7,,,47.69
04/10/2021,1252656,1308,27947,54,0.74,19590145,,0.031,32.3,86630655,,47.69
05/10/2021,1253868,1212,27986,39,0.73,19639052,48907,0.0296,33.8,87741079,1110424,47.69
06/10/2021,1255321,1453,28032,46,0.72,19685529,46477,0.029,34.5,,,47.69
07/10/2021,1256233,912,28058,26,0.71,19736872,51343,0.0276,36.2,89719686,,47.69
08/10/2021,1257188,955,28087,29,0.7,19782491,45619,0.026,38.5,,,47.69
09/10/2021,1258015,827,28106,19,0.7,19827048,44557,0.024,41.7,,,47.69
10/10/2021,1258959,944,28134,28,0.71,19867632,40584,0.0231,43.2,,,47.69
11/10/2021,1259648,689,28152,18,0.72,19911021,43389,0.0218,45.9,92597193,,47.69
12/10/2021,1260669,1021,28173,21,0.72,19953497,42476,0.0216,46.2,93551193,954000,50.46
13/10/2021,1261685,1016,28201,28,0.73,19997075,43578,0.0204,49,,,50.46
14/10/2021,1262771,1086,28228,27,0.73,20045009,47934,0.0212,47.1,,,50.46
15/10/2021,1263664,893,28252,24,0.73,20098599,53590,0.0205,48.8,,,50.46
16/10/2021,1264384,720,28269,17,0.72,,,0.0201,49.8,,,50.46
17/10/2021,1265047,663,28280,11,0.72,,,0.0189,53,,,45.37
18/10/2021,1265650,603,28300,20,0.72,20235921,,0.0185,54.1,,,45.37
19/10/2021,1266204,554,28312,12,0.72,20279697,43776,0.017,58.9,,,45.37
20/10/2021,1266826,622,28328,16,0.72,20321823,42126,0.0158,63.2,98607708,,45.37
21/10/2021,1267393,567,28344,16,0.74,20366157,44334,0.0144,69.5,99335067,727359,45.37
22/10/2021,1267945,552,28359,15,0.75,20405357,39200,0.014,71.7,,,45.37
23/10/2021,1268536,591,28377,18,0.77,,,0.0137,72.8,100741762,,45.37
24/10/2021,1269234,698,28386,9,0.8,20488058,,0.0141,71.2,,,45.37
25/10/2021,1269806,572,28392,6,0.81,20530153,42095,0.0141,70.8,,,45.37
26/10/2021,1270322,516,28405,13,0.82,20572249,42096,0.0141,71,102067945,,39.81
27/10/2021,1271027,705,28414,9,0.83,20610681,38432,0.0145,68.8,,,39.81
28/10/2021,1271687,660,28431,17,0.85,20660167,49486,0.0146,68.5,103514198,,39.81
29/10/2021,1272345,658,28439,8,0.85,20705288,45121,0.0147,68.2,,,39.81
30/10/2021,1273078,733,28449,10,0.85,,,0.015,66.8,,,39.81
31/10/2021,1273560,482,28456,7,0.85,,,0.0141,70.9,,,39.81
01/11/2021,1274017,457,28466,10,0.84,20839791,,0.0136,73.5,105881931,,44.91
02/11/2021,1274578,561,28477,11,0.84,20879087,39296,0.0139,72.1,106984156,1102225,44.91
03/11/2021,1275158,580,28496,19,0.84,20923001,43914,0.0132,75.6,,,44.91
04/11/2021,1275673,515,28507,11,0.84,20966900,43899,0.013,77,109586984,,44.91
05/11/2021,1276240,567,28518,11,0.84,21011048,44148,0.0127,78.5,110800576,1213592,44.91
06/11/2021,1276711,471,28538,20,0.83,21057966,46918,0.0118,84.7,,,44.91
07/11/2021,1277160,449,28547,9,0.83,21101314,43348,0.0118,85.1,111967455,,44.91
08/11/2021,1277560,400,28558,11,0.83,21143023,41709,0.0117,85.6,113188078,1220623,44.91
09/11/2021,1278114,554,28566,8,0.82,21185396,42373,0.0115,86.6,114891170,1703092,44.91
10/11/2021,1278751,637,28575,9,0.81,21231524,46128,0.0116,85.9,116131086,1239916,44.91
11/11/2021,1279142,391,28584,9,0.79,21280406,48882,0.0111,90.4,117243931,1112845,44.91
12/11/2021,1279373,231,28595,11,0.77,21318930,38524,0.0102,98.3,118333360,1089429,44.91
13/11/2021,1279373,0,28595,0,0.76,,,0.009,110.6,,,44.91
14/11/2021,1279876,503,28612,17,0.79,,,0.0096,104.7,119035991,,44.91
15/11/2021,1280092,216,28618,6,0.8,21419025,,0.0092,109,119436714,400723,44.91
16/11/2021,1280362,270,28628,10,0.82,21452460,33435,0.0084,118.8,119738546,301832,44.91
17/11/2021,1280822,460,28638,10,0.85,,,0.008,124.3,120003443,264897,44.91
18/11/2021,1281240,418,28648,10,0.86,21525597,,0.0086,116.9,120233579,230136,44.91
19/11/2021,1281559,319,28655,7,0.87,21565738,40141,0.0089,112.9,120448598,215019,44.91
20/11/2021,1281872,313,28659,4,0.88,,,0.0099,101.3,,,44.91
21/11/2021,1282195,323,28663,4,0.89,21644957,,0.0089,111.8,,,44.91
22/11/2021,1282510,315,28668,5,0.9,,,0.0092,108.5,121158338,,44.91
23/11/2021,1282860,350,28677,9,0.91,21717637,,0.0094,106.2,121470994,312656,44.91
24/11/2021,1283223,363,28690,13,0.92,21755675,38038,0.009,111.1,121777985,306991,44.91
25/11/2021,1283475,252,28697,7,0.93,21796915,41240,0.0082,121.4,,,44.91
26/11/2021,1283886,411,28704,7,0.95,21832091,35176,0.0087,114.5,122319215,,44.91
27/11/2021,1284189,303,28709,5,0.96,21876689,44598,0.0085,117.1,,,44.91
28/11/2021,1284365,176,28718,9,0.97,,,0.0081,123.5,122561478,,44.91
29/11/2021,1284840,475,28728,10,1,,,0.0087,115.1,123032063,470585,43.06
30/11/2021,1285254,414,28737,9,1.01,21985775,,0.0089,112,,,43.06
01/12/2021,1285631,377,28745,8,1,22028156,42381,0.0088,113.2,124054300,,43.06
02/12/2021,1286022,391,28753,8,1,22072293,44137,0.0092,108.1,124760553,706253,43.06
03/12/2021,1286453,431,28761,8,1,22118750,46457,0.009,111.7,,,43.06
04/12/2021,1286825,372,28767,6,0.98,,,0.0091,109.4,,,43.06
05/12/2021,1287161,336,28777,10,0.97,22211141,,0.0094,106.6,126586512,,43.06
06/12/2021,1287393,232,28784,7,0.96,22252342,41201,0.0084,118.7,127706528,1120016,54.17
07/12/2021,1287703,310,28793,9,0.95,,,0.0079,126.5,,,54.17
08/12/2021,1288053,350,28803,10,0.95,22338650,,0.0078,128.2,130107583,,54.17
09/12/2021,1288366,313,28812,9,0.95,,,0.0075,132.8,131311097,1203514,54.17
10/12/2021,1288761,395,28823,11,0.96,22428325,,0.0075,134.1,132638510,1327413,54.17
11/12/2021,1289049,288,28830,7,0.95,22479184,50859,0.0071,141.3,,,54.17
12/12/2021,1289293,244,28836,6,0.95,22525190,46006,0.0068,147.3,133901703,,54.17
13/12/2021,1289543,250,28839,3,0.96,22564577,39387,0.0069,145.2,134818017,916314,54.17
14/12/2021,1289913,370,28843,4,0.97,22601431,36854,0.0072,138.4,135923461,1105444,54.17
15/12/2021,1290214,301,28849,6,0.97,22646130,44699,0.007,142.3,137120270,1196809,54.17
16/12/2021,1290491,277,28863,14,0.98,22689025,42895,0.007,143.8,138365328,1245058,54.17
17/12/2021,1290491,0,28863,0,1,22730952,41927,0.0057,174.9,,,54.17
18/12/2021,1291108,617,28872,9,1.06,22778855,47903,0.0069,145.5,,,54.17
19/12/2021,1291467,359,28878,6,1.08,22821495,42640,0.0073,136.3,141509339,,54.17
20/12/2021,1291737,270,28882,4,1.08,22864737,43242,0.0073,136.8,142713705,1204366,54.17
21/12/2021,1292047,310,28892,10,1.08,22907243,42506,0.007,143.3,144064235,1350530,54.17
22/12/2021,1292406,359,28894,2,1.1,22954234,46991,0.0071,140.6,145453360,1389125,54.17
23/12/2021,1292728,322,28898,4,1.11,23000798,46564,0.0072,139.4,,,54.17
24/12/2021,1293081,353,28905,7,1.14,23048609,47811,0.0082,122.6,148265690,,54.17
25/12/2021,1293440,359,28907,2,1.16,23096757,48148,0.0073,136.3,,,54.17
26/12/2021,1293715,275,28909,2,1.19,23148807,52050,0.0069,145.6,,,54.17
27/12/2021,1294031,316,28912,3,1.24,23189338,40531,0.0071,141.5,151951087,,54.17
28/12/2021,1294379,348,28918,6,1.28,,,0.0072,139.1,153477237,1526150,54.17
29/12/2021,1294861,482,28921,3,1.34,23273887,,0.0077,130.2,,,54.17
30/12/2021,1295376,515,28927,6,1.4,23324549,50662,0.0082,122.3,156623021,,54.17
31/12/2021,1295933,557,28933,6,1.45,23372405,47856,0.0088,113.5,,,54.17
01/01/2022,1296527,594,28941,8,1.51,23423546,51141,0.0094,105.9,,,54.17
02/01/2022,1297235,708,28943,2,1.57,23469131,45585,0.011,91,,,54.17
03/01/2022,1297865,630,28945,2,1.62,23514774,45643,0.0118,84.9,159058469,,54.17
04/01/2022,1298763,898,28950,5,1.67,23558972,44198,0.0134,74.7,159900613,842144,54.17
05/01/2022,1299848,1085,28955,5,1.71,23608645,49673,0.0149,67.1,160651005,750392,54.17
06/01/2022,1301141,1293,28961,6,1.75,23655230,46585,0.0174,57.4,161409693,758688,54.17
07/01/2022,1302486,1345,28962,1,1.78,23706375,51145,0.0196,51,162115885,706192,54.17
08/01/2022,1304058,1572,28969,7,1.81,23752912,46537,0.0229,43.7,,,54.17
09/01/2022,1305707,1649,28972,3,1.83,23802570,49658,0.0254,39.4,,,54.17
10/01/2022,1307174,1467,28974,2,1.85,23847572,45002,0.028,35.8,,,54.17
11/01/2022,1309248,2074,28987,13,1.88,,,0.0315,31.7,163648656,,54.17
12/01/2022,1312267,3019,28992,5,1.9,23935232,,0.038,26.3,165296972,1648316,54.17
13/01/2022,1315834,3567,28999,7,1.91,23984502,49270,0.0446,22.4,166083807,786835,54.17
14/01/2022,1320120,4286,29003,4,1.9,24032951,48449,0.054,18.5,166837089,753282,54.17
15/01/2022,1324147,4027,29012,9,1.87,24085473,52522,0.0604,16.6,,,54.17
16/01/2022,1328487,4340,29019,7,1.84,24136709,51236,0.0682,14.7,,,54.17
17/01/2022,1333521,5034,29029,10,1.81,24186508,49799,0.0777,12.9,168365369,,54.17
18/01/2022,1338993,5472,29037,8,1.76,24239761,53253,0.0854,11.7,169131246,765877,54.17
19/01/2022,1345801,6808,29042,5,1.71,24297430,57669,0.0926,10.8,169925841,794595,54.17
20/01/2022,1353479,7678,29065,23,1.66,24356373,58943,0.1012,9.9,170711868,786027,65.28
21/01/2022,1360019,6540,29077,12,1.59,24415716,59343,0.1042,9.6,,,65.28
22/01/2022,1367605,7586,29097,20,1.53,24474618,58902,0.1117,9,,,65.28
23/01/2022,1374800,7195,29105,8,1.46,24532952,58334,0.1169,8.6,,,65.28
24/01/2022,1381152,6352,29122,17,1.4,,,0.1191,8.4,172836036,,65.28
25/01/2022,1386348,5196,29137,15,1.34,24639942,,0.1183,8.5,,,65.28
26/01/2022,1393887,7539,29162,25,1.29,24691005,51063,0.1222,8.2,,,65.28
27/01/2022,1402070,8183,29192,30,1.25,,,0.1213,8.2,174085175,,65.28
28/01/2022,1410033,7963,29219,27,1.21,24822901,,0.1228,8.1,,,65.28
29/01/2022,1417991,7958,29248,29,1.16,,,0.1213,8.2,,,65.28
30/01/2022,1425039,7048,29269,21,1.11,24957306,,0.1184,8.4,,,65.28
31/01/2022,1430366,5327,29301,32,1.06,25018383,61077,0.1139,8.8,,,65.28
01/02/2022,1436413,6047,29330,29,1.01,,,0.1147,8.7,177483355,,65.28
02/02/2022,1442263,5850,29372,42,0.96,25134775,,0.109,9.2,178996974,1513619,65.28
03/02/2022,1448663,6400,29420,48,0.92,25194561,59786,0.1065,9.4,180661534,1664560,65.28
04/02/2022,1454800,6137,29448,28,0.89,25258723,64162,0.1027,9.7,182396048,1734514,65.28
05/02/2022,1459773,4973,29478,30,0.84,,,0.0987,10.1,,,65.28
06/02/2022,1463111,3338,29516,38,0.81,,,0.0927,10.8,185979557,,65.28
07/02/2022,1465910,2799,29553,37,0.78,25422966,,0.0879,11.4,187996736,2017179,65.28
08/02/2022,1470161,4251,29601,48,0.76,,,0.0842,11.9,190064703,2067967,65.28
09/02/2022,1474075,3914,29648,47,0.74,,,0.0802,12.5,192248104,2183401,65.28
10/02/2022,1477573,3498,29687,39,0.72,,,0.0739,13.5,194492475,2244371,65.28
11/02/2022,1480592,3019,29731,44,0.7,25639757,,0.0677,14.8,,,65.28
12/02/2022,1483798,3206,29772,41,0.69,,,0.0633,15.8,,,65.28
13/02/2022,1486361,2563,29801,29,0.68,,,0.0615,16.2,200887927,,65.28
14/02/2022,1488958,2597,29828,27,0.67,25799168,,0.0613,16.3,203227145,2339218,65.28
15/02/2022,1491423,2465,29877,49,0.65,,,0.0573,17.4,,,65.28
16/02/2022,1494293,2870,29917,40,0.64,25896758,,0.0553,18.1,205527345,,65.28
17/02/2022,1496693,2400,29950,33,0.62,,,0.0529,18.9,,,65.28
18/02/2022,1498676,1983,29976,26,0.6,25997179,,0.0506,19.8,,,65.28
19/02/2022,1500320,1644,30009,33,0.58,,,0.0471,21.2,,,65.28
20/02/2022,1501680,1360,30040,31,0.57,,,0.0445,22.5,,,65.28
21/02/2022,1502641,961,30053,13,0.56,26136422,,0.0406,24.6,209438557,,65.28
22/02/2022,1503873,1232,30096,43,0.56,26174561,38139,0.0381,26.2,,,65.28
23/02/2022,1505328,1455,30114,18,0.55,,,0.0345,29,,,65.28
24/02/2022,1506450,1122,30139,25,0.55,26258701,,0.0313,31.9,,,65.28
25/02/2022,1507657,1207,30153,14,0.55,26299843,41142,0.0297,33.7,,,65.28
26/02/2022,1508504,847,30173,20,0.55,26353468,53625,0.0264,37.9,,,65.28
27/02/2022,1509360,856,30178,5,0.56,26393595,40127,0.0253,39.5,,,65.28
28/02/2022,1510221,861,30196,18,0.57,26426952,33357,0.0261,38.3,214661126,,65.28
01/03/2022,1510986,765,30218,22,0.57,26464518,37566,0.0245,40.8,215117064,455938,65.28
02/03/2022,1511754,768,30237,19,0.58,26498814,34296,0.0228,43.9,215539999,422935,65.28
03/03/2022,1512707,953,30248,11,0.59,26534095,35281,0.0227,44,,,65.28
04/03/2022,1513503,796,30258,10,0.6,26570773,36678,0.0216,46.3,,,65.28
05/03/2022,1514258,755,30265,7,0.61,26608558,37785,0.0226,44.3,216932641,,65.28
06/03/2022,1515014,756,30272,7,0.62,26646219,37661,0.0224,44.7,,,65.28
07/03/2022,1515392,378,30281,9,0.62,26683737,37518,0.0201,49.7,217444622,,65.28
08/03/2022,1516150,758,30287,6,0.64,26712953,29216,0.0208,48.1,218051079,606457,65.28
09/03/2022,1516789,639,30291,4,0.64,26749522,36569,0.0201,49.8,218689769,638690,65.28
10/03/2022,1517512,723,30298,7,0.65,,,0.019,52.7,219368557,678788,65.28
11/03/2022,1518083,571,30304,6,0.65,26825303,,0.018,55.6,,,65.28
12/03/2022,1518692,609,30307,3,0.65,,,0.0175,57.1,,,65.28
13/03/2022,1519154,462,30309,2,0.65,26897815,,0.0165,60.8,,,65.28
14/03/2022,1519627,473,30313,4,0.66,26929016,31201,0.0173,57.9,,,65.28
15/03/2022,1520120,493,30317,4,0.66,,,0.0158,63.3,,,65.28
16/03/2022,1520634,514,30319,2,0.65,,,0.0154,65,,,65.28
17/03/2022,1520817,183,30326,7,0.65,,,0.0134,74.8,,,70.37
18/03/2022,1521513,696,30328,2,0.66,,,0.014,71.4,,,70.37
19/03/2022,1521888,375,30329,1,0.65,,,0.0131,76.3,,,70.37
20/03/2022,1522191,303,30331,2,0.64,,,0.0125,79.9,,,70.37
21/03/2022,1522419,228,30333,2,0.64,27175808,,0.0113,88.4,,,70.37
22/03/2022,1522862,443,30333,0,0.65,,,0.0113,88.3,,,70.37
23/03/2022,1523072,210,30333,0,0.64,,,0.0103,97.3,,,70.37
24/03/2022,1523401,329,30336,3,0.64,,,0.0111,90,,,70.37
25/03/2022,1523590,189,30340,4,0.63,27297869,,0.0091,109.7,,,70.37
26/03/2022,1523900,310,30345,5,0.64,,,0.009,110.7,,,70.37
27/03/2022,1524086,186,30346,1,0.65,,,0.0087,114.9,,,70.37
28/03/2022,1524355,269,30347,1,0.66,27388407,,0.0091,109.8,,,70.37
29/03/2022,1524549,194,30349,2,0.66,,,0.008,124.8,,,70.37
30/03/2022,1524793,244,30355,6,0.67,,,0.0083,121,,,70.37
31/03/2022,1524973,180,30359,4,0.67,,,0.0076,131.1,237931825,,70.37
01/04/2022,1525181,208,30360,1,0.67,27501885,,0.0078,128.2,,,70.37
02/04/2022,1525466,285,30361,1,0.68,,,0.0078,128.2,,,70.37
03/04/2022,1525620,154,30361,0,0.67,,,0.0078,128.7,,,70.37
04/04/2022,1525775,155,30361,0,0.67,,,0.0073,136.6,,,70.37
05/04/2022,1525923,148,30361,0,0.67,,,0.0071,140.1,,,70.37
06/04/2022,1526093,170,30361,0,0.67,,,0.0068,146.9,,,70.37
07/04/2022,1526234,141,30361,0,0.67,,,0.0067,150.3,,,70.37
08/04/2022,1526472,238,30361,0,0.66,27689870,,0.0069,145.6,,,70.37
09/04/2022,1526568,96,30361,0,0.65,,,0.0059,168.4,,,70.37
10/04/2022,1526666,98,30361,0,0.64,,,0.0057,175.1,243150094,,70.37
11/04/2022,1526728,62,30362,1,0.64,27763120,,0.0053,189.6,243416068,265974,
12/04/2022,1526829,101,30362,0,0.65,,,0.0053,188.4,243618172,202104,
13/04/2022,1526952,123,30362,0,0.66,,,0.0053,187.1,243800641,182469,
14/04/2022,1526952,0,30362,0,0.67,,,0.0048,209.9,243978732,178091,
15/04/2022,1527151,199,30363,1,0.7,27830633,,0.0048,207.3,,,
16/04/2022,1527248,97,30363,0,0.71,,,0.0046,217.9,,,
17/04/2022,1527326,78,30364,1,0.7,,,0.0042,235.6,244354132,,
18/04/2022,1527411,85,30364,0,0.72,27926021,,0.0042,238.5,244568232,214100,
19/04/2022,1527486,75,30368,4,0.72,,,0.0039,253.8,244761947,193715,
20/04/2022,1527589,103,30368,0,0.73,,,0.0037,267.9,244920963,159016,
21/04/2022,1527669,80,30368,0,0.74,,,0.0041,243.4,245094738,173775,
22/04/2022,1527751,82,30369,1,0.74,28008999,,0.0034,297.3,245242604,147866,
23/04/2022,1527751,0,30369,0,0.75,,,0.0032,307.8,245392645,150041,
24/04/2022,1527956,205,30369,0,0.78,,,0.0048,208.5,,,
25/04/2022,1527956,0,30369,0,0.77,,,,,245569444,,
26/04/2022,1527956,0,30369,0,,,,,,245702246,132802,
27/04/2022,1527956,0,30369,0,,,,,,245838488,136242,
28/04/2022,1527956,0,30369,0,,,,,,245974507,136019,
29/04/2022,1527956,0,30369,0,,28066952,,,,246074202,99695,
30/04/2022,1527956,0,30369,0,,,,,,246181059,106857,
